ration,category_name,cat,median,normalized_ratio,cat_3,cat_2,cat_1
12.833333333333334,Beauty/Bath & Body/Bath,Beauty/Bath & Body/Bath,9.0,2,Bath,Bath & Body,Beauty
6.0,Beauty/Bath & Body/Cleansers,Beauty/Bath & Body/Cleansers,9.0,0,Cleansers,Bath & Body,Beauty
6.5,Beauty/Bath & Body/Sets,Beauty/Bath & Body/Sets,9.0,0,Sets,Bath & Body,Beauty
13.0,Beauty/Fragrance/Candles & Home Scents,Beauty/Fragrance/Candles & Home Scents,9.0,2,Candles & Home Scents,Fragrance,Beauty
39.0,Beauty/Fragrance/Men,Beauty/Fragrance/Men,9.0,3,Men,Fragrance,Beauty
10.0,Beauty/Fragrance/Sets,Beauty/Fragrance/Sets,9.0,1,Sets,Fragrance,Beauty
18.11764705882353,Beauty/Fragrance/Women,Beauty/Fragrance/Women,9.0,2,Women,Fragrance,Beauty
8.0,Beauty/Hair Care/Conditioners,Beauty/Hair Care/Conditioners,9.0,1,Conditioners,Hair Care,Beauty
23.0,Beauty/Hair Care/Styling Products,Beauty/Hair Care/Styling Products,9.0,3,Styling Products,Hair Care,Beauty
7.333333333333333,Beauty/Makeup/Brushes & Applicators,Beauty/Makeup/Brushes & Applicators,9.0,1,Brushes & Applicators,Makeup,Beauty
22.166666666666668,Beauty/Makeup/Eyes,Beauty/Makeup/Eyes,9.0,3,Eyes,Makeup,Beauty
13.0,Beauty/Makeup/Face,Beauty/Makeup/Face,9.0,2,Face,Makeup,Beauty
15.225806451612904,Beauty/Makeup/Lips,Beauty/Makeup/Lips,9.0,2,Lips,Makeup,Beauty
16.842105263157894,Beauty/Makeup/Makeup Palettes,Beauty/Makeup/Makeup Palettes,9.0,2,Makeup Palettes,Makeup,Beauty
22.2,Beauty/Makeup/Makeup Sets,Beauty/Makeup/Makeup Sets,9.0,3,Makeup Sets,Makeup,Beauty
15.166666666666666,Beauty/Makeup/Nails,Beauty/Makeup/Nails,9.0,2,Nails,Makeup,Beauty
12.0,Beauty/Skin Care/Body,Beauty/Skin Care/Body,9.0,2,Body,Skin Care,Beauty
19.0,Beauty/Skin Care/Eyes,Beauty/Skin Care/Eyes,9.0,3,Eyes,Skin Care,Beauty
16.133333333333333,Beauty/Skin Care/Face,Beauty/Skin Care/Face,9.0,2,Face,Skin Care,Beauty
17.0,Beauty/Skin Care/Lips,Beauty/Skin Care/Lips,9.0,2,Lips,Skin Care,Beauty
1.0,Beauty/Skin Care/Other,Beauty/Skin Care/Other,8.0,0,Other,Skin Care,Beauty
11.0,Beauty/Skin Care/Sun,Beauty/Skin Care/Sun,9.0,1,Sun,Skin Care,Beauty
2.0,Beauty/Tools & Accessories/Epilators,Beauty/Tools & Accessories/Epilators,8.5,0,Epilators,Tools & Accessories,Beauty
50.0,Beauty/Tools & Accessories/Hair Styling Tools,Beauty/Tools & Accessories/Hair Styling Tools,9.0,3,Hair Styling Tools,Tools & Accessories,Beauty
16.125,Beauty/Tools & Accessories/Makeup Brushes & Tools,Beauty/Tools & Accessories/Makeup Brushes & Tools,9.0,2,Makeup Brushes & Tools,Tools & Accessories,Beauty
2.0,Beauty/Tools & Accessories/Tweezers,Beauty/Tools & Accessories/Tweezers,9.0,0,Tweezers,Tools & Accessories,Beauty
4.0,Electronics/Cameras & Photography/Camcorders,Electronics/Cameras & Photography/Camcorders,9.0,0,Camcorders,Cameras & Photography,Electronics
21.0,Electronics/Cameras & Photography/Camera & Photo Accessories,Electronics/Cameras & Photography/Camera & Photo Accessories,9.0,3,Camera & Photo Accessories,Cameras & Photography,Electronics
12.5,Electronics/Cameras & Photography/Digital Cameras,Electronics/Cameras & Photography/Digital Cameras,9.0,2,Digital Cameras,Cameras & Photography,Electronics
23.0,Electronics/Cameras & Photography/Film Photography,Electronics/Cameras & Photography/Film Photography,9.0,3,Film Photography,Cameras & Photography,Electronics
2.0,Electronics/Cameras & Photography/Lenses & Filters,Electronics/Cameras & Photography/Lenses & Filters,8.0,0,Lenses & Filters,Cameras & Photography,Electronics
1.5,"Electronics/Car Audio, Video & GPS/Car Stereos & Components","Electronics/Car Audio, Video & GPS/Car Stereos & Components",9.0,0,Car Stereos & Components,"Car Audio, Video & GPS",Electronics
49.0,Electronics/Cell Phones & Accessories/Cables & Adapters,Electronics/Cell Phones & Accessories/Cables & Adapters,9.0,3,Cables & Adapters,Cell Phones & Accessories,Electronics
16.307692307692307,"Electronics/Cell Phones & Accessories/Cases, Covers & Skins","Electronics/Cell Phones & Accessories/Cases, Covers & Skins",9.0,2,"Cases, Covers & Skins",Cell Phones & Accessories,Electronics
36.8,Electronics/Cell Phones & Accessories/Cell Phone Accessories,Electronics/Cell Phones & Accessories/Cell Phone Accessories,9.0,3,Cell Phone Accessories,Cell Phones & Accessories,Electronics
13.7,Electronics/Cell Phones & Accessories/Cell Phones & Smartphones,Electronics/Cell Phones & Accessories/Cell Phones & Smartphones,9.0,2,Cell Phones & Smartphones,Cell Phones & Accessories,Electronics
29.0,Electronics/Cell Phones & Accessories/Chargers & Cradles,Electronics/Cell Phones & Accessories/Chargers & Cradles,9.0,3,Chargers & Cradles,Cell Phones & Accessories,Electronics
31.0,Electronics/Cell Phones & Accessories/Headsets,Electronics/Cell Phones & Accessories/Headsets,9.0,3,Headsets,Cell Phones & Accessories,Electronics
38.0,Electronics/Cell Phones & Accessories/Screen Protectors,Electronics/Cell Phones & Accessories/Screen Protectors,9.0,3,Screen Protectors,Cell Phones & Accessories,Electronics
14.0,"Electronics/Computers & Tablets/Drives, Storage & Media","Electronics/Computers & Tablets/Drives, Storage & Media",9.0,2,"Drives, Storage & Media",Computers & Tablets,Electronics
10.333333333333334,Electronics/Computers & Tablets/Laptops & Netbooks,Electronics/Computers & Tablets/Laptops & Netbooks,9.0,1,Laptops & Netbooks,Computers & Tablets,Electronics
2.0,Electronics/Computers & Tablets/Other,Electronics/Computers & Tablets/Other,9.0,0,Other,Computers & Tablets,Electronics
29.0,Electronics/Computers & Tablets/iPad/Tablet/eBook Readers,Electronics/Computers & Tablets/iPad/Tablet/eBook Readers,9.0,3,iPad,Computers & Tablets,Electronics
12.333333333333334,Electronics/Media/Blu-Ray,Electronics/Media/Blu-Ray,9.0,2,Blu-Ray,Media,Electronics
27.0,Electronics/Media/CD,Electronics/Media/CD,9.0,3,CD,Media,Electronics
17.0,Electronics/Media/DVD,Electronics/Media/DVD,9.0,2,DVD,Media,Electronics
12.0,Electronics/Other/Other,Electronics/Other/Other,9.0,2,Other,Other,Electronics
9.0,"Electronics/TV, Audio & Surveillance/Gadgets","Electronics/TV, Audio & Surveillance/Gadgets",9.0,1,Gadgets,"TV, Audio & Surveillance",Electronics
18.0,"Electronics/TV, Audio & Surveillance/Headphones","Electronics/TV, Audio & Surveillance/Headphones",9.0,2,Headphones,"TV, Audio & Surveillance",Electronics
6.0,"Electronics/TV, Audio & Surveillance/Home Speakers & Subwoofers","Electronics/TV, Audio & Surveillance/Home Speakers & Subwoofers",9.0,0,Home Speakers & Subwoofers,"TV, Audio & Surveillance",Electronics
25.0,"Electronics/TV, Audio & Surveillance/Portable Audio & Accessories","Electronics/TV, Audio & Surveillance/Portable Audio & Accessories",9.0,3,Portable Audio & Accessories,"TV, Audio & Surveillance",Electronics
17.333333333333332,Electronics/Video Games & Consoles/Accessories,Electronics/Video Games & Consoles/Accessories,9.0,2,Accessories,Video Games & Consoles,Electronics
18.75,Electronics/Video Games & Consoles/Consoles,Electronics/Video Games & Consoles/Consoles,9.0,2,Consoles,Video Games & Consoles,Electronics
13.53125,Electronics/Video Games & Consoles/Games,Electronics/Video Games & Consoles/Games,9.0,2,Games,Video Games & Consoles,Electronics
7.666666666666667,Electronics/Video Games & Consoles/Video Gaming Merchandise,Electronics/Video Games & Consoles/Video Gaming Merchandise,9.0,1,Video Gaming Merchandise,Video Games & Consoles,Electronics
8.0,Handmade/Accessories/Hair,Handmade/Accessories/Hair,9.0,1,Hair,Accessories,Handmade
28.0,Handmade/Accessories/Lanyard,Handmade/Accessories/Lanyard,9.0,3,Lanyard,Accessories,Handmade
3.0,Handmade/Accessories/Women,Handmade/Accessories/Women,8.0,0,Women,Accessories,Handmade
29.0,Handmade/Bags and Purses/Purse,Handmade/Bags and Purses/Purse,9.0,3,Purse,Bags and Purses,Handmade
4.0,Handmade/Bags and Purses/Tote,Handmade/Bags and Purses/Tote,9.0,0,Tote,Bags and Purses,Handmade
6.0,Handmade/Bags and Purses/Wristlet,Handmade/Bags and Purses/Wristlet,9.0,0,Wristlet,Bags and Purses,Handmade
7.0,Handmade/Children/Baby,Handmade/Children/Baby,9.0,1,Baby,Children,Handmade
1.0,Handmade/Children/Clothing,Handmade/Children/Clothing,8.0,0,Clothing,Children,Handmade
7.0,Handmade/Clothing/Corset,Handmade/Clothing/Corset,9.0,1,Corset,Clothing,Handmade
10.75,Handmade/Clothing/Costume,Handmade/Clothing/Costume,9.0,1,Costume,Clothing,Handmade
36.0,Handmade/Clothing/Lingerie,Handmade/Clothing/Lingerie,9.0,3,Lingerie,Clothing,Handmade
1.0,Handmade/Geekery/Fantasy,Handmade/Geekery/Fantasy,6.0,0,Fantasy,Geekery,Handmade
5.0,Handmade/Glass/Glassware,Handmade/Glass/Glassware,8.0,0,Glassware,Glass,Handmade
2.0,Handmade/Housewares/Wall Decor,Handmade/Housewares/Wall Decor,9.0,0,Wall Decor,Housewares,Handmade
37.0,Handmade/Jewelry/Jewelry,Handmade/Jewelry/Jewelry,9.0,3,Jewelry,Jewelry,Handmade
9.0,Handmade/Music/Vinyl,Handmade/Music/Vinyl,9.0,1,Vinyl,Music,Handmade
1.0,Handmade/Needlecraft/Embroidery,Handmade/Needlecraft/Embroidery,8.0,0,Embroidery,Needlecraft,Handmade
9.0,Handmade/Paper Goods/Scrapbooking,Handmade/Paper Goods/Scrapbooking,9.0,1,Scrapbooking,Paper Goods,Handmade
8.0,Handmade/Paper Goods/Stationery,Handmade/Paper Goods/Stationery,9.0,1,Stationery,Paper Goods,Handmade
12.5,Handmade/Paper Goods/Sticker,Handmade/Paper Goods/Sticker,9.0,2,Sticker,Paper Goods,Handmade
7.0,Home/Bedding/Comforters & Sets,Home/Bedding/Comforters & Sets,9.0,1,Comforters & Sets,Bedding,Home
34.0,Home/Cleaning Supplies/Household Cleaners,Home/Cleaning Supplies/Household Cleaners,9.0,3,Household Cleaners,Cleaning Supplies,Home
19.0,Home/Home Appliances/Kitchen Appliances,Home/Home Appliances/Kitchen Appliances,9.0,3,Kitchen Appliances,Home Appliances,Home
36.0,Home/Home Décor/Candles & Holders,Home/Home Décor/Candles & Holders,9.0,3,Candles & Holders,Home Décor,Home
7.0,Home/Home Décor/Decorative Pillows,Home/Home Décor/Decorative Pillows,9.0,1,Decorative Pillows,Home Décor,Home
11.88888888888889,Home/Home Décor/Home Décor Accents,Home/Home Décor/Home Décor Accents,9.0,1,Home Décor Accents,Home Décor,Home
18.0,Home/Home Décor/Home Fragrance,Home/Home Décor/Home Fragrance,9.0,2,Home Fragrance,Home Décor,Home
3.0,Home/Home Décor/Other,Home/Home Décor/Other,8.0,0,Other,Home Décor,Home
4.0,Home/Home Décor/Vases,Home/Home Décor/Vases,9.0,0,Vases,Home Décor,Home
10.5,Home/Kitchen & Dining/Bakeware,Home/Kitchen & Dining/Bakeware,9.0,1,Bakeware,Kitchen & Dining,Home
17.125,Home/Kitchen & Dining/Coffee & Tea Accessories,Home/Kitchen & Dining/Coffee & Tea Accessories,9.0,2,Coffee & Tea Accessories,Kitchen & Dining,Home
11.125,Home/Kitchen & Dining/Dining & Entertaining,Home/Kitchen & Dining/Dining & Entertaining,9.0,1,Dining & Entertaining,Kitchen & Dining,Home
10.0,Home/Kitchen & Dining/Kitchen & Table Linens,Home/Kitchen & Dining/Kitchen & Table Linens,9.0,1,Kitchen & Table Linens,Kitchen & Dining,Home
2.0,Home/Kitchen & Dining/Kitchen Knives & Cutlery Accessories,Home/Kitchen & Dining/Kitchen Knives & Cutlery Accessories,9.0,0,Kitchen Knives & Cutlery Accessories,Kitchen & Dining,Home
10.666666666666666,Home/Kitchen & Dining/Kitchen Utensils & Gadgets,Home/Kitchen & Dining/Kitchen Utensils & Gadgets,9.0,1,Kitchen Utensils & Gadgets,Kitchen & Dining,Home
7.0,Home/Kitchen & Dining/Small Appliances,Home/Kitchen & Dining/Small Appliances,9.0,1,Small Appliances,Kitchen & Dining,Home
7.0,Home/Kitchen & Dining/Storage & Organization,Home/Kitchen & Dining/Storage & Organization,9.0,1,Storage & Organization,Kitchen & Dining,Home
9.0,Home/Other/Other,Home/Other/Other,9.0,1,Other,Other,Home
15.0,Home/Seasonal Décor/Christmas,Home/Seasonal Décor/Christmas,9.0,2,Christmas,Seasonal Décor,Home
6.0,Home/Seasonal Décor/Easter,Home/Seasonal Décor/Easter,9.0,0,Easter,Seasonal Décor,Home
16.0,Home/Seasonal Décor/Halloween,Home/Seasonal Décor/Halloween,9.0,2,Halloween,Seasonal Décor,Home
5.0,Home/Storage & Organization/Jewelry Boxes & Organizers,Home/Storage & Organization/Jewelry Boxes & Organizers,9.0,0,Jewelry Boxes & Organizers,Storage & Organization,Home
7.0,"Home/Storage & Organization/Racks, Shelves & Drawers","Home/Storage & Organization/Racks, Shelves & Drawers",9.0,1,"Racks, Shelves & Drawers",Storage & Organization,Home
7.0,Kids/Boys (4+)/Accessories,Kids/Boys (4+)/Accessories,9.0,1,Accessories,Boys (4+),Kids
41.0,Kids/Boys (4+)/Bottoms,Kids/Boys (4+)/Bottoms,9.0,3,Bottoms,Boys (4+),Kids
8.0,Kids/Boys (4+)/Coats & Jackets,Kids/Boys (4+)/Coats & Jackets,9.0,1,Coats & Jackets,Boys (4+),Kids
25.75,Kids/Boys (4+)/Shoes,Kids/Boys (4+)/Shoes,9.0,3,Shoes,Boys (4+),Kids
11.142857142857142,Kids/Boys (4+)/Top & T-shirts,Kids/Boys (4+)/Top & T-shirts,9.0,1,Top & T-shirts,Boys (4+),Kids
14.0,Kids/Boys 0-24 Mos/Coats & Jackets,Kids/Boys 0-24 Mos/Coats & Jackets,9.0,2,Coats & Jackets,Boys 0-24 Mos,Kids
12.5,Kids/Boys 0-24 Mos/One-Pieces,Kids/Boys 0-24 Mos/One-Pieces,9.0,2,One-Pieces,Boys 0-24 Mos,Kids
16.0,Kids/Boys 0-24 Mos/Other,Kids/Boys 0-24 Mos/Other,9.0,2,Other,Boys 0-24 Mos,Kids
13.8,Kids/Boys 0-24 Mos/Shoes,Kids/Boys 0-24 Mos/Shoes,9.0,2,Shoes,Boys 0-24 Mos,Kids
39.0,Kids/Boys 0-24 Mos/Tops & T-Shirts,Kids/Boys 0-24 Mos/Tops & T-Shirts,9.0,3,Tops & T-Shirts,Boys 0-24 Mos,Kids
5.0,Kids/Boys 2T-5T/Accessories,Kids/Boys 2T-5T/Accessories,9.0,0,Accessories,Boys 2T-5T,Kids
5.2,Kids/Boys 2T-5T/Bottoms,Kids/Boys 2T-5T/Bottoms,9.0,0,Bottoms,Boys 2T-5T,Kids
15.11111111111111,Kids/Boys 2T-5T/Shoes,Kids/Boys 2T-5T/Shoes,9.0,2,Shoes,Boys 2T-5T,Kids
26.5,Kids/Boys 2T-5T/Tops & T-Shirts,Kids/Boys 2T-5T/Tops & T-Shirts,9.0,3,Tops & T-Shirts,Boys 2T-5T,Kids
11.0,Kids/Car Seats & Accessories/Accessories,Kids/Car Seats & Accessories/Accessories,9.0,1,Accessories,Car Seats & Accessories,Kids
6.0,Kids/Car Seats & Accessories/Car Seats,Kids/Car Seats & Accessories/Car Seats,9.0,0,Car Seats,Car Seats & Accessories,Kids
4.666666666666667,Kids/Diapering/Cloth Diapers,Kids/Diapering/Cloth Diapers,9.0,0,Cloth Diapers,Diapering,Kids
8.0,Kids/Diapering/Diaper Bags,Kids/Diapering/Diaper Bags,9.0,1,Diaper Bags,Diapering,Kids
9.5,Kids/Diapering/Disposable Diapers,Kids/Diapering/Disposable Diapers,9.0,1,Disposable Diapers,Diapering,Kids
2.0,Kids/Diapering/Wipes & Holders,Kids/Diapering/Wipes & Holders,9.0,0,Wipes & Holders,Diapering,Kids
7.0,Kids/Feeding/Pacifiers & Accessories,Kids/Feeding/Pacifiers & Accessories,9.0,1,Pacifiers & Accessories,Feeding,Kids
6.5,Kids/Feeding/Storage & Containers,Kids/Feeding/Storage & Containers,9.0,0,Storage & Containers,Feeding,Kids
2.0,Kids/Gear/Baby Gyms & Playmats,Kids/Gear/Baby Gyms & Playmats,9.0,0,Baby Gyms & Playmats,Gear,Kids
14.5,Kids/Gear/Backpacks & Carriers,Kids/Gear/Backpacks & Carriers,9.0,2,Backpacks & Carriers,Gear,Kids
29.0,Kids/Girls (4+)/Coats & Jackets,Kids/Girls (4+)/Coats & Jackets,9.0,3,Coats & Jackets,Girls (4+),Kids
12.5,Kids/Girls (4+)/Dresses,Kids/Girls (4+)/Dresses,9.0,2,Dresses,Girls (4+),Kids
24.0,Kids/Girls (4+)/Jeans,Kids/Girls (4+)/Jeans,9.0,3,Jeans,Girls (4+),Kids
26.0,Kids/Girls (4+)/Other,Kids/Girls (4+)/Other,9.0,3,Other,Girls (4+),Kids
8.833333333333334,Kids/Girls (4+)/Shoes,Kids/Girls (4+)/Shoes,9.0,1,Shoes,Girls (4+),Kids
64.0,Kids/Girls (4+)/Tops & T-Shirts,Kids/Girls (4+)/Tops & T-Shirts,9.0,3,Tops & T-Shirts,Girls (4+),Kids
7.666666666666667,Kids/Girls 0-24 Mos/Accessories,Kids/Girls 0-24 Mos/Accessories,9.0,1,Accessories,Girls 0-24 Mos,Kids
9.0,Kids/Girls 0-24 Mos/Coats & Jackets,Kids/Girls 0-24 Mos/Coats & Jackets,9.0,1,Coats & Jackets,Girls 0-24 Mos,Kids
8.0,Kids/Girls 0-24 Mos/Dresses,Kids/Girls 0-24 Mos/Dresses,9.0,1,Dresses,Girls 0-24 Mos,Kids
16.0,Kids/Girls 0-24 Mos/One-Pieces,Kids/Girls 0-24 Mos/One-Pieces,9.0,2,One-Pieces,Girls 0-24 Mos,Kids
15.0,Kids/Girls 0-24 Mos/Other,Kids/Girls 0-24 Mos/Other,9.0,2,Other,Girls 0-24 Mos,Kids
18.0,Kids/Girls 0-24 Mos/Shoes,Kids/Girls 0-24 Mos/Shoes,9.0,2,Shoes,Girls 0-24 Mos,Kids
8.0,Kids/Girls 2T-5T/Coats & Jackets,Kids/Girls 2T-5T/Coats & Jackets,9.0,1,Coats & Jackets,Girls 2T-5T,Kids
23.0,Kids/Girls 2T-5T/Dresses,Kids/Girls 2T-5T/Dresses,9.0,3,Dresses,Girls 2T-5T,Kids
11.727272727272727,Kids/Girls 2T-5T/Shoes,Kids/Girls 2T-5T/Shoes,9.0,1,Shoes,Girls 2T-5T,Kids
43.0,Kids/Girls 2T-5T/Tops & T-Shirts,Kids/Girls 2T-5T/Tops & T-Shirts,9.0,3,Tops & T-Shirts,Girls 2T-5T,Kids
2.0,Kids/Health & Baby Care/Teethers,Kids/Health & Baby Care/Teethers,9.0,0,Teethers,Health & Baby Care,Kids
3.0,Kids/Nursery/Other,Kids/Nursery/Other,9.0,0,Other,Nursery,Kids
9.5,Kids/Other/Other,Kids/Other/Other,9.0,1,Other,Other,Kids
6.0,Kids/Strollers/Accessories,Kids/Strollers/Accessories,9.0,0,Accessories,Strollers,Kids
13.071428571428571,Kids/Toys/Action Figures & Statues,Kids/Toys/Action Figures & Statues,9.0,2,Action Figures & Statues,Toys,Kids
16.857142857142858,Kids/Toys/Arts & Crafts,Kids/Toys/Arts & Crafts,9.0,2,Arts & Crafts,Toys,Kids
20.0,Kids/Toys/Baby & Toddler Toys,Kids/Toys/Baby & Toddler Toys,9.0,3,Baby & Toddler Toys,Toys,Kids
30.0,Kids/Toys/Building Toys,Kids/Toys/Building Toys,9.0,3,Building Toys,Toys,Kids
11.736842105263158,Kids/Toys/Dolls & Accessories,Kids/Toys/Dolls & Accessories,9.0,1,Dolls & Accessories,Toys,Kids
8.0,Kids/Toys/Dress Up & Pretend Play,Kids/Toys/Dress Up & Pretend Play,9.0,1,Dress Up & Pretend Play,Toys,Kids
11.5,Kids/Toys/Games,Kids/Toys/Games,9.0,1,Games,Toys,Kids
21.0,Kids/Toys/Hobbies,Kids/Toys/Hobbies,9.0,3,Hobbies,Toys,Kids
9.0,Kids/Toys/Sports & Outdoor Play,Kids/Toys/Sports & Outdoor Play,9.0,1,Sports & Outdoor Play,Toys,Kids
25.5,Kids/Toys/Stuffed Animals & Plush,Kids/Toys/Stuffed Animals & Plush,9.0,3,Stuffed Animals & Plush,Toys,Kids
16.0,Kids/Toys/Toy Remote Control & Play Vehicles,Kids/Toys/Toy Remote Control & Play Vehicles,9.0,2,Toy Remote Control & Play Vehicles,Toys,Kids
33.0,Men/Athletic Apparel/Jackets,Men/Athletic Apparel/Jackets,9.0,3,Jackets,Athletic Apparel,Men
13.6,Men/Athletic Apparel/Jerseys,Men/Athletic Apparel/Jerseys,9.0,2,Jerseys,Athletic Apparel,Men
7.0,Men/Athletic Apparel/Pants,Men/Athletic Apparel/Pants,9.0,1,Pants,Athletic Apparel,Men
6.5,Men/Athletic Apparel/Shirts & Tops,Men/Athletic Apparel/Shirts & Tops,9.0,0,Shirts & Tops,Athletic Apparel,Men
23.0,Men/Athletic Apparel/Shorts,Men/Athletic Apparel/Shorts,9.0,3,Shorts,Athletic Apparel,Men
26.0,Men/Athletic Apparel/Socks,Men/Athletic Apparel/Socks,9.0,3,Socks,Athletic Apparel,Men
11.0,Men/Coats & Jackets/Fleece Jacket,Men/Coats & Jackets/Fleece Jacket,9.0,1,Fleece Jacket,Coats & Jackets,Men
6.75,Men/Coats & Jackets/Windbreaker,Men/Coats & Jackets/Windbreaker,9.0,0,Windbreaker,Coats & Jackets,Men
12.0,Men/Jeans/Boot Cut,Men/Jeans/Boot Cut,9.0,2,Boot Cut,Jeans,Men
20.0,"Men/Jeans/Classic, Straight Leg","Men/Jeans/Classic, Straight Leg",9.0,3,"Classic, Straight Leg",Jeans,Men
5.5,Men/Jeans/Relaxed,Men/Jeans/Relaxed,9.0,0,Relaxed,Jeans,Men
11.0,"Men/Men's Accessories/Backpacks, Bags & Briefcases","Men/Men's Accessories/Backpacks, Bags & Briefcases",9.0,1,"Backpacks, Bags & Briefcases",Men's Accessories,Men
20.0,Men/Men's Accessories/Belts,Men/Men's Accessories/Belts,9.0,3,Belts,Men's Accessories,Men
14.0,Men/Men's Accessories/Hats,Men/Men's Accessories/Hats,9.0,2,Hats,Men's Accessories,Men
10.666666666666666,Men/Men's Accessories/Other,Men/Men's Accessories/Other,9.0,1,Other,Men's Accessories,Men
31.0,Men/Men's Accessories/Sunglasses,Men/Men's Accessories/Sunglasses,9.0,3,Sunglasses,Men's Accessories,Men
7.0,Men/Men's Accessories/Wallets,Men/Men's Accessories/Wallets,9.0,1,Wallets,Men's Accessories,Men
7.875,Men/Men's Accessories/Watches,Men/Men's Accessories/Watches,9.0,1,Watches,Men's Accessories,Men
21.0,Men/Other/Other,Men/Other/Other,9.0,3,Other,Other,Men
4.0,Men/Pants/Cargo,Men/Pants/Cargo,9.0,0,Cargo,Pants,Men
4.0,Men/Pants/Dress - Flat Front,Men/Pants/Dress - Flat Front,9.0,0,Dress - Flat Front,Pants,Men
2.0,Men/Pants/Other,Men/Pants/Other,8.0,0,Other,Pants,Men
18.333333333333332,Men/Shoes/Athletic,Men/Shoes/Athletic,9.0,2,Athletic,Shoes,Men
18.0,Men/Shoes/Boots,Men/Shoes/Boots,9.0,2,Boots,Shoes,Men
15.4,Men/Shoes/Fashion Sneakers,Men/Shoes/Fashion Sneakers,9.0,2,Fashion Sneakers,Shoes,Men
6.0,Men/Shoes/Oxfords,Men/Shoes/Oxfords,9.0,0,Oxfords,Shoes,Men
6.5,Men/Shoes/Sandals,Men/Shoes/Sandals,9.0,0,Sandals,Shoes,Men
13.0,Men/Shorts/Casual Shorts,Men/Shorts/Casual Shorts,9.0,2,Casual Shorts,Shorts,Men
11.8,Men/Sweats & Hoodies/Hoodie,Men/Sweats & Hoodies/Hoodie,9.0,1,Hoodie,Sweats & Hoodies,Men
26.0,"Men/Sweats & Hoodies/Sweatshirt, Pullover","Men/Sweats & Hoodies/Sweatshirt, Pullover",9.0,3,"Sweatshirt, Pullover",Sweats & Hoodies,Men
10.666666666666666,Men/Tops/Button-Front,Men/Tops/Button-Front,9.0,1,Button-Front,Tops,Men
3.0,Men/Tops/Other,Men/Tops/Other,9.0,0,Other,Tops,Men
27.444444444444443,Men/Tops/T-shirts,Men/Tops/T-shirts,9.0,3,T-shirts,Tops,Men
9.0,Men/Tops/Tank,Men/Tops/Tank,9.0,1,Tank,Tops,Men
7.0,Other/Automotive/Car Electronics & Accessories,Other/Automotive/Car Electronics & Accessories,9.0,1,Car Electronics & Accessories,Automotive,Other
3.5,Other/Automotive/Exterior Accessories,Other/Automotive/Exterior Accessories,9.0,0,Exterior Accessories,Automotive,Other
6.0,Other/Automotive/Lights & Lighting Accessories,Other/Automotive/Lights & Lighting Accessories,9.0,0,Lights & Lighting Accessories,Automotive,Other
11.0,Other/Automotive/Tools & Equipment,Other/Automotive/Tools & Equipment,9.0,1,Tools & Equipment,Automotive,Other
30.0,Other/Books/Children's Books,Other/Books/Children's Books,9.0,3,Children's Books,Books,Other
2.0,Other/Books/Christian Books & Bibles,Other/Books/Christian Books & Bibles,9.0,0,Christian Books & Bibles,Books,Other
28.0,Other/Books/Education & Teaching,Other/Books/Education & Teaching,9.0,3,Education & Teaching,Books,Other
8.5,Other/Books/Literature & Fiction,Other/Books/Literature & Fiction,9.0,1,Literature & Fiction,Books,Other
5.0,Other/Books/Medical Books,Other/Books/Medical Books,8.0,0,Medical Books,Books,Other
7.0,Other/Books/Religion & Spirituality,Other/Books/Religion & Spirituality,9.0,1,Religion & Spirituality,Books,Other
10.25,Other/Daily & Travel items/Health Care,Other/Daily & Travel items/Health Care,9.0,1,Health Care,Daily & Travel items,Other
8.0,Other/Daily & Travel items/Household Supplies,Other/Daily & Travel items/Household Supplies,9.0,1,Household Supplies,Daily & Travel items,Other
13.0,Other/Daily & Travel items/Medical Supplies & Equipment,Other/Daily & Travel items/Medical Supplies & Equipment,9.0,2,Medical Supplies & Equipment,Daily & Travel items,Other
23.0,Other/Daily & Travel items/Personal Care,Other/Daily & Travel items/Personal Care,9.0,3,Personal Care,Daily & Travel items,Other
4.0,Other/Daily & Travel items/Stationery & Party Supplies,Other/Daily & Travel items/Stationery & Party Supplies,9.0,0,Stationery & Party Supplies,Daily & Travel items,Other
2.0,"Other/Musical instruments/DJ, Electronic Music & Karaoke","Other/Musical instruments/DJ, Electronic Music & Karaoke",9.0,0,"DJ, Electronic Music & Karaoke",Musical instruments,Other
2.0,Other/Musical instruments/Instrument Accessories,Other/Musical instruments/Instrument Accessories,9.0,0,Instrument Accessories,Musical instruments,Other
2.0,Other/Musical instruments/Stringed Instruments,Other/Musical instruments/Stringed Instruments,9.0,0,Stringed Instruments,Musical instruments,Other
3.0,Other/Office supplies/Basic Supplies,Other/Office supplies/Basic Supplies,9.0,0,Basic Supplies,Office supplies,Other
11.0,Other/Office supplies/Ink & Toner,Other/Office supplies/Ink & Toner,9.0,1,Ink & Toner,Office supplies,Other
32.0,Other/Office supplies/School Supplies,Other/Office supplies/School Supplies,9.0,3,School Supplies,Office supplies,Other
9.333333333333334,Other/Office supplies/Shipping Supplies,Other/Office supplies/Shipping Supplies,9.0,1,Shipping Supplies,Office supplies,Other
16.375,Other/Other/Other,Other/Other/Other,9.0,2,Other,Other,Other
18.0,Other/Pet Supplies/Dogs,Other/Pet Supplies/Dogs,9.0,2,Dogs,Pet Supplies,Other
21.0,Sports & Outdoors/Apparel/Boys,Sports & Outdoors/Apparel/Boys,9.0,3,Boys,Apparel,Sports & Outdoors
9.0,Sports & Outdoors/Apparel/Girls,Sports & Outdoors/Apparel/Girls,8.0,1,Girls,Apparel,Sports & Outdoors
8.0,Sports & Outdoors/Exercise/Athletic Training,Sports & Outdoors/Exercise/Athletic Training,9.0,1,Athletic Training,Exercise,Sports & Outdoors
11.142857142857142,Sports & Outdoors/Exercise/Fitness accessories,Sports & Outdoors/Exercise/Fitness accessories,9.0,1,Fitness accessories,Exercise,Sports & Outdoors
10.666666666666666,Sports & Outdoors/Exercise/Fitness technology,Sports & Outdoors/Exercise/Fitness technology,9.0,1,Fitness technology,Exercise,Sports & Outdoors
8.5,Sports & Outdoors/Fan Shop/MLB,Sports & Outdoors/Fan Shop/MLB,9.0,1,MLB,Fan Shop,Sports & Outdoors
9.0,Sports & Outdoors/Fan Shop/NBA,Sports & Outdoors/Fan Shop/NBA,9.0,1,NBA,Fan Shop,Sports & Outdoors
42.0,Sports & Outdoors/Fan Shop/NFL,Sports & Outdoors/Fan Shop/NFL,9.0,3,NFL,Fan Shop,Sports & Outdoors
2.0,Sports & Outdoors/Fan Shop/NHL,Sports & Outdoors/Fan Shop/NHL,9.0,0,NHL,Fan Shop,Sports & Outdoors
3.0,Sports & Outdoors/Other/Other,Sports & Outdoors/Other/Other,9.0,0,Other,Other,Sports & Outdoors
7.0,Sports & Outdoors/Outdoors/Fishing,Sports & Outdoors/Outdoors/Fishing,9.0,1,Fishing,Outdoors,Sports & Outdoors
13.0,Sports & Outdoors/Outdoors/Hiking & Camping,Sports & Outdoors/Outdoors/Hiking & Camping,9.0,2,Hiking & Camping,Outdoors,Sports & Outdoors
4.0,Sports & Outdoors/Outdoors/Indoor/Outdoor Games,Sports & Outdoors/Outdoors/Indoor/Outdoor Games,9.0,0,Indoor,Outdoors,Sports & Outdoors
10.0,Sports & Outdoors/Team Sports/Soccer,Sports & Outdoors/Team Sports/Soccer,9.0,1,Soccer,Team Sports,Sports & Outdoors
1.0,Vintage & Collectibles/Accessories/Gloves,Vintage & Collectibles/Accessories/Gloves,9.5,0,Gloves,Accessories,Vintage & Collectibles
32.0,Vintage & Collectibles/Accessories/Keychain,Vintage & Collectibles/Accessories/Keychain,9.0,3,Keychain,Accessories,Vintage & Collectibles
12.75,Vintage & Collectibles/Antique/Collectibles,Vintage & Collectibles/Antique/Collectibles,9.0,2,Collectibles,Antique,Vintage & Collectibles
13.5,Vintage & Collectibles/Bags and Purses/Handbag,Vintage & Collectibles/Bags and Purses/Handbag,9.0,2,Handbag,Bags and Purses,Vintage & Collectibles
8.0,Vintage & Collectibles/Bags and Purses/Purse,Vintage & Collectibles/Bags and Purses/Purse,9.0,1,Purse,Bags and Purses,Vintage & Collectibles
1.0,Vintage & Collectibles/Book/Children,Vintage & Collectibles/Book/Children,8.0,0,Children,Book,Vintage & Collectibles
1.0,Vintage & Collectibles/Book/Other,Vintage & Collectibles/Book/Other,9.0,0,Other,Book,Vintage & Collectibles
2.0,Vintage & Collectibles/Clothing/Corset,Vintage & Collectibles/Clothing/Corset,8.0,0,Corset,Clothing,Vintage & Collectibles
12.0,Vintage & Collectibles/Clothing/Shorts,Vintage & Collectibles/Clothing/Shorts,9.0,2,Shorts,Clothing,Vintage & Collectibles
11.5,Vintage & Collectibles/Clothing/Sweater,Vintage & Collectibles/Clothing/Sweater,9.0,1,Sweater,Clothing,Vintage & Collectibles
2.0,Vintage & Collectibles/Clothing/Tshirt,Vintage & Collectibles/Clothing/Tshirt,9.0,0,Tshirt,Clothing,Vintage & Collectibles
23.0,Vintage & Collectibles/Collectibles/Figurine,Vintage & Collectibles/Collectibles/Figurine,9.0,3,Figurine,Collectibles,Vintage & Collectibles
16.0,Vintage & Collectibles/Collectibles/Other,Vintage & Collectibles/Collectibles/Other,9.0,2,Other,Collectibles,Vintage & Collectibles
12.0,Vintage & Collectibles/Collectibles/Souvenir,Vintage & Collectibles/Collectibles/Souvenir,9.0,2,Souvenir,Collectibles,Vintage & Collectibles
17.0,Vintage & Collectibles/Electronics/Video Game,Vintage & Collectibles/Electronics/Video Game,9.0,2,Video Game,Electronics,Vintage & Collectibles
4.0,Vintage & Collectibles/Home Decor/Other,Vintage & Collectibles/Home Decor/Other,8.0,0,Other,Home Decor,Vintage & Collectibles
3.0,Vintage & Collectibles/Housewares/Cup,Vintage & Collectibles/Housewares/Cup,3.0,1,Cup,Housewares,Vintage & Collectibles
9.0,Vintage & Collectibles/Other/Other,Vintage & Collectibles/Other/Other,9.0,1,Other,Other,Vintage & Collectibles
21.2,Vintage & Collectibles/Toy/Action Figure,Vintage & Collectibles/Toy/Action Figure,9.0,3,Action Figure,Toy,Vintage & Collectibles
8.0,Vintage & Collectibles/Toy/Animal,Vintage & Collectibles/Toy/Animal,8.0,1,Animal,Toy,Vintage & Collectibles
15.0,Vintage & Collectibles/Trading Cards/Animation,Vintage & Collectibles/Trading Cards/Animation,9.0,2,Animation,Trading Cards,Vintage & Collectibles
12.5,Vintage & Collectibles/Trading Cards/Sports,Vintage & Collectibles/Trading Cards/Sports,9.0,2,Sports,Trading Cards,Vintage & Collectibles
7.0,Vintage & Collectibles/Trading Cards/Vintage,Vintage & Collectibles/Trading Cards/Vintage,8.0,1,Vintage,Trading Cards,Vintage & Collectibles
20.285714285714285,Women/Athletic Apparel/Jackets,Women/Athletic Apparel/Jackets,9.0,3,Jackets,Athletic Apparel,Women
20.319148936170212,"Women/Athletic Apparel/Pants, Tights, Leggings","Women/Athletic Apparel/Pants, Tights, Leggings",9.0,3,"Pants, Tights, Leggings",Athletic Apparel,Women
13.222222222222221,Women/Athletic Apparel/Shirts & Tops,Women/Athletic Apparel/Shirts & Tops,9.0,2,Shirts & Tops,Athletic Apparel,Women
17.31578947368421,Women/Athletic Apparel/Shorts,Women/Athletic Apparel/Shorts,9.0,2,Shorts,Athletic Apparel,Women
9.5,"Women/Athletic Apparel/Skirts, Skorts & Dresses","Women/Athletic Apparel/Skirts, Skorts & Dresses",9.0,1,"Skirts, Skorts & Dresses",Athletic Apparel,Women
8.833333333333334,Women/Athletic Apparel/Socks,Women/Athletic Apparel/Socks,9.0,1,Socks,Athletic Apparel,Women
12.454545454545455,Women/Athletic Apparel/Sports Bras,Women/Athletic Apparel/Sports Bras,9.0,2,Sports Bras,Athletic Apparel,Women
12.0,Women/Athletic Apparel/Tracksuits & Sweats,Women/Athletic Apparel/Tracksuits & Sweats,9.0,2,Tracksuits & Sweats,Athletic Apparel,Women
2.0,Women/Coats & Jackets/Cape,Women/Coats & Jackets/Cape,9.0,0,Cape,Coats & Jackets,Women
26.0,Women/Coats & Jackets/Fleece Jacket,Women/Coats & Jackets/Fleece Jacket,9.0,3,Fleece Jacket,Coats & Jackets,Women
11.0,Women/Coats & Jackets/Jean Jacket,Women/Coats & Jackets/Jean Jacket,9.0,1,Jean Jacket,Coats & Jackets,Women
21.0,Women/Coats & Jackets/Motorcycle,Women/Coats & Jackets/Motorcycle,9.0,3,Motorcycle,Coats & Jackets,Women
18.0,Women/Coats & Jackets/Other,Women/Coats & Jackets/Other,9.0,2,Other,Coats & Jackets,Women
14.0,Women/Coats & Jackets/Peacoat,Women/Coats & Jackets/Peacoat,8.0,2,Peacoat,Coats & Jackets,Women
16.0,Women/Coats & Jackets/Puffer,Women/Coats & Jackets/Puffer,9.0,2,Puffer,Coats & Jackets,Women
21.0,Women/Coats & Jackets/Vest,Women/Coats & Jackets/Vest,9.0,3,Vest,Coats & Jackets,Women
3.5,Women/Coats & Jackets/Wool,Women/Coats & Jackets/Wool,9.0,0,Wool,Coats & Jackets,Women
32.5,"Women/Dresses/Above Knee, Mini","Women/Dresses/Above Knee, Mini",9.0,3,"Above Knee, Mini",Dresses,Women
11.4,Women/Dresses/Asymmetrical Hem,Women/Dresses/Asymmetrical Hem,9.0,1,Asymmetrical Hem,Dresses,Women
36.666666666666664,Women/Dresses/Full-Length,Women/Dresses/Full-Length,9.0,3,Full-Length,Dresses,Women
19.142857142857142,Women/Dresses/Knee-Length,Women/Dresses/Knee-Length,9.0,3,Knee-Length,Dresses,Women
17.0,Women/Dresses/Other,Women/Dresses/Other,9.0,2,Other,Dresses,Women
39.666666666666664,Women/Jeans/Boot Cut,Women/Jeans/Boot Cut,9.0,3,Boot Cut,Jeans,Women
5.5,Women/Jeans/Flare,Women/Jeans/Flare,9.0,0,Flare,Jeans,Women
14.125,Women/Jeans/Leggings,Women/Jeans/Leggings,9.0,2,Leggings,Jeans,Women
45.8,"Women/Jeans/Slim, Skinny","Women/Jeans/Slim, Skinny",12.0,3,"Slim, Skinny",Jeans,Women
16.5,Women/Jeans/Straight Leg,Women/Jeans/Straight Leg,9.0,2,Straight Leg,Jeans,Women
17.571428571428573,Women/Jewelry/Bracelets,Women/Jewelry/Bracelets,9.0,2,Bracelets,Jewelry,Women
15.692307692307692,Women/Jewelry/Earrings,Women/Jewelry/Earrings,9.0,2,Earrings,Jewelry,Women
13.68,Women/Jewelry/Necklaces,Women/Jewelry/Necklaces,9.0,2,Necklaces,Jewelry,Women
21.5,Women/Jewelry/Rings,Women/Jewelry/Rings,9.0,3,Rings,Jewelry,Women
7.5,Women/Maternity/Tops & Blouses,Women/Maternity/Tops & Blouses,9.0,1,Tops & Blouses,Maternity,Women
15.714285714285714,Women/Other/Other,Women/Other/Other,9.0,2,Other,Other,Women
29.0,"Women/Pants/Capris, Cropped","Women/Pants/Capris, Cropped",9.0,3,"Capris, Cropped",Pants,Women
13.25,Women/Pants/Casual Pants,Women/Pants/Casual Pants,9.0,2,Casual Pants,Pants,Women
10.5,Women/Pants/Dress Pants,Women/Pants/Dress Pants,9.0,1,Dress Pants,Pants,Women
5.5,"Women/Pants/Khakis, Chinos","Women/Pants/Khakis, Chinos",9.0,0,"Khakis, Chinos",Pants,Women
7.8,Women/Pants/Other,Women/Pants/Other,9.0,1,Other,Pants,Women
13.4375,Women/Shoes/Athletic,Women/Shoes/Athletic,9.0,2,Athletic,Shoes,Women
1.5549738219895288,Women/Shoes/Boots,Women/Shoes/Boots,2.0,0,Boots,Shoes,Women
12.666666666666666,Women/Shoes/Fashion Sneakers,Women/Shoes/Fashion Sneakers,9.0,2,Fashion Sneakers,Shoes,Women
46.0,Women/Shoes/Flats,Women/Shoes/Flats,9.0,3,Flats,Shoes,Women
38.0,Women/Shoes/Loafers & Slip-Ons,Women/Shoes/Loafers & Slip-Ons,9.0,3,Loafers & Slip-Ons,Shoes,Women
19.0,Women/Shoes/Other,Women/Shoes/Other,9.0,3,Other,Shoes,Women
12.4,Women/Shoes/Pumps,Women/Shoes/Pumps,9.0,2,Pumps,Shoes,Women
13.0,Women/Shoes/Sandals,Women/Shoes/Sandals,9.0,2,Sandals,Shoes,Women
14.0,Women/Shoes/Slippers,Women/Shoes/Slippers,9.0,2,Slippers,Shoes,Women
12.0,Women/Skirts/A-Line,Women/Skirts/A-Line,9.0,2,A-Line,Skirts,Women
12.25,Women/Skirts/Maxi,Women/Skirts/Maxi,9.0,2,Maxi,Skirts,Women
17.0,Women/Skirts/Mini,Women/Skirts/Mini,9.0,2,Mini,Skirts,Women
6.0,Women/Skirts/Other,Women/Skirts/Other,9.0,0,Other,Skirts,Women
22.0,"Women/Skirts/Straight, Pencil","Women/Skirts/Straight, Pencil",9.0,3,"Straight, Pencil",Skirts,Women
17.0,Women/Suits & Blazers/Blazer,Women/Suits & Blazers/Blazer,9.0,2,Blazer,Suits & Blazers,Women
32.4,Women/Sweaters/Cardigan,Women/Sweaters/Cardigan,9.0,3,Cardigan,Sweaters,Women
5.5,Women/Sweaters/Collared,Women/Sweaters/Collared,9.0,0,Collared,Sweaters,Women
19.714285714285715,Women/Sweaters/Crewneck,Women/Sweaters/Crewneck,9.0,3,Crewneck,Sweaters,Women
9.6,Women/Sweaters/Full Zip,Women/Sweaters/Full Zip,9.0,1,Full Zip,Sweaters,Women
18.333333333333332,Women/Sweaters/Hooded,Women/Sweaters/Hooded,9.0,2,Hooded,Sweaters,Women
5.0,Women/Sweaters/Poncho,Women/Sweaters/Poncho,9.0,0,Poncho,Sweaters,Women
2.0,Women/Sweaters/Tunic,Women/Sweaters/Tunic,9.0,0,Tunic,Sweaters,Women
6.0,"Women/Sweaters/Turtleneck, Mock","Women/Sweaters/Turtleneck, Mock",9.0,0,"Turtleneck, Mock",Sweaters,Women
16.0,Women/Sweaters/V-Neck,Women/Sweaters/V-Neck,9.0,2,V-Neck,Sweaters,Women
10.0,"Women/Sweaters/Vest, Sleeveless","Women/Sweaters/Vest, Sleeveless",9.0,1,"Vest, Sleeveless",Sweaters,Women
10.0,Women/Swimwear/Beach Accessories,Women/Swimwear/Beach Accessories,9.0,1,Beach Accessories,Swimwear,Women
49.0,Women/Swimwear/One-Piece,Women/Swimwear/One-Piece,9.0,3,One-Piece,Swimwear,Women
16.416666666666668,Women/Swimwear/Two-Piece,Women/Swimwear/Two-Piece,9.0,2,Two-Piece,Swimwear,Women
11.344827586206897,Women/Tops & Blouses/Blouse,Women/Tops & Blouses/Blouse,9.0,1,Blouse,Tops & Blouses,Women
62.0,Women/Tops & Blouses/Button Down Shirt,Women/Tops & Blouses/Button Down Shirt,9.0,3,Button Down Shirt,Tops & Blouses,Women
23.0,Women/Tops & Blouses/Halter,Women/Tops & Blouses/Halter,9.0,3,Halter,Tops & Blouses,Women
10.0,Women/Tops & Blouses/Knit Top,Women/Tops & Blouses/Knit Top,9.0,1,Knit Top,Tops & Blouses,Women
11.0,Women/Tops & Blouses/Other,Women/Tops & Blouses/Other,9.0,1,Other,Tops & Blouses,Women
7.0,Women/Tops & Blouses/Polo Shirt,Women/Tops & Blouses/Polo Shirt,9.0,1,Polo Shirt,Tops & Blouses,Women
2.5757575757575757,Women/Tops & Blouses/T-Shirts,Women/Tops & Blouses/T-Shirts,4.0,0,T-Shirts,Tops & Blouses,Women
15.095238095238095,"Women/Tops & Blouses/Tank, Cami","Women/Tops & Blouses/Tank, Cami",9.0,2,"Tank, Cami",Tops & Blouses,Women
23.166666666666668,Women/Tops & Blouses/Tunic,Women/Tops & Blouses/Tunic,9.0,3,Tunic,Tops & Blouses,Women
7.0,Women/Tops & Blouses/Wrap,Women/Tops & Blouses/Wrap,9.0,1,Wrap,Tops & Blouses,Women
19.85,Women/Underwear/Bras,Women/Underwear/Bras,9.0,3,Bras,Underwear,Women
7.5,Women/Underwear/G-Strings & Thongs,Women/Underwear/G-Strings & Thongs,9.0,1,G-Strings & Thongs,Underwear,Women
30.0,Women/Underwear/Other,Women/Underwear/Other,9.0,3,Other,Underwear,Women
10.642857142857142,Women/Underwear/Panties,Women/Underwear/Panties,9.0,1,Panties,Underwear,Women
15.166666666666666,Women/Women's Accessories/Hair Accessories,Women/Women's Accessories/Hair Accessories,9.0,2,Hair Accessories,Women's Accessories,Women
30.333333333333332,Women/Women's Accessories/Hats,Women/Women's Accessories/Hats,9.0,3,Hats,Women's Accessories,Women
10.5,Women/Women's Accessories/Other,Women/Women's Accessories/Other,9.0,1,Other,Women's Accessories,Women
19.0,Women/Women's Accessories/Scarves & Wraps,Women/Women's Accessories/Scarves & Wraps,9.0,3,Scarves & Wraps,Women's Accessories,Women
37.0,Women/Women's Accessories/Sunglasses,Women/Women's Accessories/Sunglasses,9.0,3,Sunglasses,Women's Accessories,Women
16.76923076923077,Women/Women's Accessories/Wallets,Women/Women's Accessories/Wallets,9.0,2,Wallets,Women's Accessories,Women
30.5,Women/Women's Accessories/Watches,Women/Women's Accessories/Watches,9.0,3,Watches,Women's Accessories,Women
24.666666666666668,Women/Women's Handbags/Backpack Style,Women/Women's Handbags/Backpack Style,9.0,3,Backpack Style,Women's Handbags,Women
2.0,Women/Women's Handbags/Baguette,Women/Women's Handbags/Baguette,9.0,0,Baguette,Women's Handbags,Women
29.0,Women/Women's Handbags/Cosmetic Bags,Women/Women's Handbags/Cosmetic Bags,9.0,3,Cosmetic Bags,Women's Handbags,Women
15.5,Women/Women's Handbags/Messenger & Crossbody,Women/Women's Handbags/Messenger & Crossbody,9.0,2,Messenger & Crossbody,Women's Handbags,Women
8.0,Women/Women's Handbags/Other,Women/Women's Handbags/Other,9.0,1,Other,Women's Handbags,Women
20.5,Women/Women's Handbags/Satchel,Women/Women's Handbags/Satchel,9.0,3,Satchel,Women's Handbags,Women
14.631578947368421,Women/Women's Handbags/Shoulder Bag,Women/Women's Handbags/Shoulder Bag,9.0,2,Shoulder Bag,Women's Handbags,Women
27.333333333333332,Women/Women's Handbags/Totes & Shoppers,Women/Women's Handbags/Totes & Shoppers,9.0,3,Totes & Shoppers,Women's Handbags,Women
